id,difficulty,answer,clue,prompt,start_letters,explanation
1,easy,OCCASIONALLY,from time to time,SOMETIMES,12,OCCASIONALLY from SOMETIMES. Both mean not always.
2,easy,MOTION,to gesture or signal,GESTICULATE,6,MOTION from GESTICULATE. Both relate to movement or signalling.
3,easy,PROTECTOR,a defender or guard,DEFENDER,9,PROTECTOR from DEFENDER. Both mean one who keeps safe.
4,easy,USELESS,not needed or of no use,SUPERFLUOUS,7,USELESS from SUPERFLUOUS. Both mean unnecessary.
5,easy,NEXT,coming after,SUBSEQUENT,4,NEXT from SUBSEQUENT. Both mean following in order.
6,easy,LENGTHEN,to make longer,PROLONG,8,LENGTHEN from PROLONG. Both mean to extend.
7,easy,OCCASIONALLY,from time to time,SOMETIMES,12,OCCASIONALLY from SOMETIMES. Both mean not always.
8,easy,MOTION,to gesture or signal,GESTICULATE,6,MOTION from GESTICULATE. Both relate to movement or signalling.
9,easy,PROTECTOR,a defender or guard,DEFENDER,9,PROTECTOR from DEFENDER. Both mean one who keeps safe.
10,easy,USELESS,not needed or of no use,SUPERFLUOUS,7,USELESS from SUPERFLUOUS. Both mean unnecessary.
11,easy,NEXT,coming after,SUBSEQUENT,4,NEXT from SUBSEQUENT. Both mean following in order.
12,easy,LENGTHEN,to make longer,PROLONG,8,LENGTHEN from PROLONG. Both mean to extend.
13,easy,OCCASIONALLY,from time to time,SOMETIMES,12,OCCASIONALLY from SOMETIMES. Both mean not always.
14,easy,MOTION,to gesture or signal,GESTICULATE,6,MOTION from GESTICULATE. Both relate to movement or signalling.
15,easy,PROTECTOR,a defender or guard,DEFENDER,9,PROTECTOR from DEFENDER. Both mean one who keeps safe.
16,easy,USELESS,not needed or of no use,SUPERFLUOUS,7,USELESS from SUPERFLUOUS. Both mean unnecessary.
17,easy,NEXT,coming after,SUBSEQUENT,4,NEXT from SUBSEQUENT. Both mean following in order.
18,easy,LENGTHEN,to make longer,PROLONG,8,LENGTHEN from PROLONG. Both mean to extend.
19,easy,OCCASIONALLY,from time to time,SOMETIMES,12,OCCASIONALLY from SOMETIMES. Both mean not always.
20,easy,MOTION,to gesture or signal,GESTICULATE,6,MOTION from GESTICULATE. Both relate to movement or signalling.
21,easy,PROTECTOR,a defender or guard,DEFENDER,9,PROTECTOR from DEFENDER. Both mean one who keeps safe.
22,easy,USELESS,not needed or of no use,SUPERFLUOUS,7,USELESS from SUPERFLUOUS. Both mean unnecessary.
23,easy,NEXT,coming after,SUBSEQUENT,4,NEXT from SUBSEQUENT. Both mean following in order.
24,easy,LENGTHEN,to make longer,PROLONG,8,LENGTHEN from PROLONG. Both mean to extend.
25,easy,OCCASIONALLY,from time to time,SOMETIMES,12,OCCASIONALLY from SOMETIMES. Both mean not always.
26,easy,MOTION,to gesture or signal,GESTICULATE,6,MOTION from GESTICULATE. Both relate to movement or signalling.
27,easy,PROTECTOR,a defender or guard,DEFENDER,9,PROTECTOR from DEFENDER. Both mean one who keeps safe.
28,easy,USELESS,not needed or of no use,SUPERFLUOUS,7,USELESS from SUPERFLUOUS. Both mean unnecessary.
29,easy,NEXT,coming after,SUBSEQUENT,4,NEXT from SUBSEQUENT. Both mean following in order.
30,easy,LENGTHEN,to make longer,PROLONG,8,LENGTHEN from PROLONG. Both mean to extend.
31,easy,OCCASIONALLY,from time to time,SOMETIMES,12,OCCASIONALLY from SOMETIMES. Both mean not always.
32,easy,MOTION,to gesture or signal,GESTICULATE,6,MOTION from GESTICULATE. Both relate to movement or signalling.
33,easy,PROTECTOR,a defender or guard,DEFENDER,9,PROTECTOR from DEFENDER. Both mean one who keeps safe.
34,easy,USELESS,not needed or of no use,SUPERFLUOUS,7,USELESS from SUPERFLUOUS. Both mean unnecessary.
35,easy,NEXT,coming after,SUBSEQUENT,4,NEXT from SUBSEQUENT. Both mean following in order.
36,easy,LENGTHEN,to make longer,PROLONG,8,LENGTHEN from PROLONG. Both mean to extend.
37,easy,OCCASIONALLY,from time to time,SOMETIMES,12,OCCASIONALLY from SOMETIMES. Both mean not always.
38,easy,MOTION,to gesture or signal,GESTICULATE,6,MOTION from GESTICULATE. Both relate to movement or signalling.
39,easy,PROTECTOR,a defender or guard,DEFENDER,9,PROTECTOR from DEFENDER. Both mean one who keeps safe.
40,easy,USELESS,not needed or of no use,SUPERFLUOUS,7,USELESS from SUPERFLUOUS. Both mean unnecessary.
41,easy,NEXT,coming after,SUBSEQUENT,4,NEXT from SUBSEQUENT. Both mean following in order.
42,easy,LENGTHEN,to make longer,PROLONG,8,LENGTHEN from PROLONG. Both mean to extend.
43,easy,OCCASIONALLY,from time to time,SOMETIMES,12,OCCASIONALLY from SOMETIMES. Both mean not always.
44,easy,MOTION,to gesture or signal,GESTICULATE,6,MOTION from GESTICULATE. Both relate to movement or signalling.
45,easy,PROTECTOR,a defender or guard,DEFENDER,9,PROTECTOR from DEFENDER. Both mean one who keeps safe.
46,easy,USELESS,not needed or of no use,SUPERFLUOUS,7,USELESS from SUPERFLUOUS. Both mean unnecessary.
47,easy,NEXT,coming after,SUBSEQUENT,4,NEXT from SUBSEQUENT. Both mean following in order.
48,easy,LENGTHEN,to make longer,PROLONG,8,LENGTHEN from PROLONG. Both mean to extend.
49,easy,OCCASIONALLY,from time to time,SOMETIMES,12,OCCASIONALLY from SOMETIMES. Both mean not always.
50,easy,MOTION,to gesture or signal,GESTICULATE,6,MOTION from GESTICULATE. Both relate to movement or signalling.
51,easy,PROTECTOR,a defender or guard,DEFENDER,9,PROTECTOR from DEFENDER. Both mean one who keeps safe.
52,easy,USELESS,not needed or of no use,SUPERFLUOUS,7,USELESS from SUPERFLUOUS. Both mean unnecessary.
53,easy,NEXT,coming after,SUBSEQUENT,4,NEXT from SUBSEQUENT. Both mean following in order.
54,easy,LENGTHEN,to make longer,PROLONG,8,LENGTHEN from PROLONG. Both mean to extend.
55,easy,OCCASIONALLY,from time to time,SOMETIMES,12,OCCASIONALLY from SOMETIMES. Both mean not always.
56,easy,MOTION,to gesture or signal,GESTICULATE,6,MOTION from GESTICULATE. Both relate to movement or signalling.
57,easy,PROTECTOR,a defender or guard,DEFENDER,9,PROTECTOR from DEFENDER. Both mean one who keeps safe.
58,easy,USELESS,not needed or of no use,SUPERFLUOUS,7,USELESS from SUPERFLUOUS. Both mean unnecessary.
59,easy,NEXT,coming after,SUBSEQUENT,4,NEXT from SUBSEQUENT. Both mean following in order.
60,easy,LENGTHEN,to make longer,PROLONG,8,LENGTHEN from PROLONG. Both mean to extend.
61,easy,OCCASIONALLY,from time to time,SOMETIMES,12,OCCASIONALLY from SOMETIMES. Both mean not always.
62,easy,MOTION,to gesture or signal,GESTICULATE,6,MOTION from GESTICULATE. Both relate to movement or signalling.
63,easy,PROTECTOR,a defender or guard,DEFENDER,9,PROTECTOR from DEFENDER. Both mean one who keeps safe.
64,easy,USELESS,not needed or of no use,SUPERFLUOUS,7,USELESS from SUPERFLUOUS. Both mean unnecessary.
65,easy,NEXT,coming after,SUBSEQUENT,4,NEXT from SUBSEQUENT. Both mean following in order.
66,easy,LENGTHEN,to make longer,PROLONG,8,LENGTHEN from PROLONG. Both mean to extend.
67,easy,OCCASIONALLY,from time to time,SOMETIMES,12,OCCASIONALLY from SOMETIMES. Both mean not always.
68,easy,MOTION,to gesture or signal,GESTICULATE,6,MOTION from GESTICULATE. Both relate to movement or signalling.
69,easy,PROTECTOR,a defender or guard,DEFENDER,9,PROTECTOR from DEFENDER. Both mean one who keeps safe.
70,easy,USELESS,not needed or of no use,SUPERFLUOUS,7,USELESS from SUPERFLUOUS. Both mean unnecessary.
71,easy,NEXT,coming after,SUBSEQUENT,4,NEXT from SUBSEQUENT. Both mean following in order.
72,easy,LENGTHEN,to make longer,PROLONG,8,LENGTHEN from PROLONG. Both mean to extend.
73,easy,OCCASIONALLY,from time to time,SOMETIMES,12,OCCASIONALLY from SOMETIMES. Both mean not always.
74,easy,MOTION,to gesture or signal,GESTICULATE,6,MOTION from GESTICULATE. Both relate to movement or signalling.
75,easy,PROTECTOR,a defender or guard,DEFENDER,9,PROTECTOR from DEFENDER. Both mean one who keeps safe.
76,easy,USELESS,not needed or of no use,SUPERFLUOUS,7,USELESS from SUPERFLUOUS. Both mean unnecessary.
77,easy,NEXT,coming after,SUBSEQUENT,4,NEXT from SUBSEQUENT. Both mean following in order.
78,easy,LENGTHEN,to make longer,PROLONG,8,LENGTHEN from PROLONG. Both mean to extend.
79,easy,OCCASIONALLY,from time to time,SOMETIMES,12,OCCASIONALLY from SOMETIMES. Both mean not always.
80,easy,MOTION,to gesture or signal,GESTICULATE,6,MOTION from GESTICULATE. Both relate to movement or signalling.
81,easy,PROTECTOR,a defender or guard,DEFENDER,9,PROTECTOR from DEFENDER. Both mean one who keeps safe.
82,easy,USELESS,not needed or of no use,SUPERFLUOUS,7,USELESS from SUPERFLUOUS. Both mean unnecessary.
83,easy,NEXT,coming after,SUBSEQUENT,4,NEXT from SUBSEQUENT. Both mean following in order.
84,easy,LENGTHEN,to make longer,PROLONG,8,LENGTHEN from PROLONG. Both mean to extend.
85,easy,OCCASIONALLY,from time to time,SOMETIMES,12,OCCASIONALLY from SOMETIMES. Both mean not always.
86,easy,MOTION,to gesture or signal,GESTICULATE,6,MOTION from GESTICULATE. Both relate to movement or signalling.
87,easy,PROTECTOR,a defender or guard,DEFENDER,9,PROTECTOR from DEFENDER. Both mean one who keeps safe.
88,easy,USELESS,not needed or of no use,SUPERFLUOUS,7,USELESS from SUPERFLUOUS. Both mean unnecessary.
89,easy,NEXT,coming after,SUBSEQUENT,4,NEXT from SUBSEQUENT. Both mean following in order.
90,easy,LENGTHEN,to make longer,PROLONG,8,LENGTHEN from PROLONG. Both mean to extend.
91,easy,OCCASIONALLY,from time to time,SOMETIMES,12,OCCASIONALLY from SOMETIMES. Both mean not always.
92,easy,MOTION,to gesture or signal,GESTICULATE,6,MOTION from GESTICULATE. Both relate to movement or signalling.
93,easy,PROTECTOR,a defender or guard,DEFENDER,9,PROTECTOR from DEFENDER. Both mean one who keeps safe.
94,easy,USELESS,not needed or of no use,SUPERFLUOUS,7,USELESS from SUPERFLUOUS. Both mean unnecessary.
95,easy,NEXT,coming after,SUBSEQUENT,4,NEXT from SUBSEQUENT. Both mean following in order.
96,easy,LENGTHEN,to make longer,PROLONG,8,LENGTHEN from PROLONG. Both mean to extend.
97,easy,OCCASIONALLY,from time to time,SOMETIMES,12,OCCASIONALLY from SOMETIMES. Both mean not always.
98,easy,MOTION,to gesture or signal,GESTICULATE,6,MOTION from GESTICULATE. Both relate to movement or signalling.
99,easy,PROTECTOR,a defender or guard,DEFENDER,9,PROTECTOR from DEFENDER. Both mean one who keeps safe.
100,easy,USELESS,not needed or of no use,SUPERFLUOUS,7,USELESS from SUPERFLUOUS. Both mean unnecessary.
101,easy,NEXT,coming after,SUBSEQUENT,4,NEXT from SUBSEQUENT. Both mean following in order.
102,easy,LENGTHEN,to make longer,PROLONG,8,LENGTHEN from PROLONG. Both mean to extend.
103,easy,OCCASIONALLY,from time to time,SOMETIMES,12,OCCASIONALLY from SOMETIMES. Both mean not always.
104,easy,MOTION,to gesture or signal,GESTICULATE,6,MOTION from GESTICULATE. Both relate to movement or signalling.
105,easy,PROTECTOR,a defender or guard,DEFENDER,9,PROTECTOR from DEFENDER. Both mean one who keeps safe.
106,easy,USELESS,not needed or of no use,SUPERFLUOUS,7,USELESS from SUPERFLUOUS. Both mean unnecessary.
107,easy,NEXT,coming after,SUBSEQUENT,4,NEXT from SUBSEQUENT. Both mean following in order.
108,easy,LENGTHEN,to make longer,PROLONG,8,LENGTHEN from PROLONG. Both mean to extend.
109,easy,OCCASIONALLY,from time to time,SOMETIMES,12,OCCASIONALLY from SOMETIMES. Both mean not always.
110,easy,MOTION,to gesture or signal,GESTICULATE,6,MOTION from GESTICULATE. Both relate to movement or signalling.
111,easy,PROTECTOR,a defender or guard,DEFENDER,9,PROTECTOR from DEFENDER. Both mean one who keeps safe.
112,easy,USELESS,not needed or of no use,SUPERFLUOUS,7,USELESS from SUPERFLUOUS. Both mean unnecessary.
113,easy,NEXT,coming after,SUBSEQUENT,4,NEXT from SUBSEQUENT. Both mean following in order.
114,easy,LENGTHEN,to make longer,PROLONG,8,LENGTHEN from PROLONG. Both mean to extend.
115,easy,OCCASIONALLY,from time to time,SOMETIMES,12,OCCASIONALLY from SOMETIMES. Both mean not always.
116,easy,MOTION,to gesture or signal,GESTICULATE,6,MOTION from GESTICULATE. Both relate to movement or signalling.
117,easy,PROTECTOR,a defender or guard,DEFENDER,9,PROTECTOR from DEFENDER. Both mean one who keeps safe.
118,easy,USELESS,not needed or of no use,SUPERFLUOUS,7,USELESS from SUPERFLUOUS. Both mean unnecessary.
119,easy,NEXT,coming after,SUBSEQUENT,4,NEXT from SUBSEQUENT. Both mean following in order.
120,easy,LENGTHEN,to make longer,PROLONG,8,LENGTHEN from PROLONG. Both mean to extend.
121,easy,OCCASIONALLY,from time to time,SOMETIMES,12,OCCASIONALLY from SOMETIMES. Both mean not always.
122,easy,MOTION,to gesture or signal,GESTICULATE,6,MOTION from GESTICULATE. Both relate to movement or signalling.
123,easy,PROTECTOR,a defender or guard,DEFENDER,9,PROTECTOR from DEFENDER. Both mean one who keeps safe.
124,easy,USELESS,not needed or of no use,SUPERFLUOUS,7,USELESS from SUPERFLUOUS. Both mean unnecessary.
125,easy,NEXT,coming after,SUBSEQUENT,4,NEXT from SUBSEQUENT. Both mean following in order.
126,easy,LENGTHEN,to make longer,PROLONG,8,LENGTHEN from PROLONG. Both mean to extend.
127,easy,OCCASIONALLY,from time to time,SOMETIMES,12,OCCASIONALLY from SOMETIMES. Both mean not always.
128,easy,MOTION,to gesture or signal,GESTICULATE,6,MOTION from GESTICULATE. Both relate to movement or signalling.
129,easy,PROTECTOR,a defender or guard,DEFENDER,9,PROTECTOR from DEFENDER. Both mean one who keeps safe.
130,easy,USELESS,not needed or of no use,SUPERFLUOUS,7,USELESS from SUPERFLUOUS. Both mean unnecessary.
131,easy,NEXT,coming after,SUBSEQUENT,4,NEXT from SUBSEQUENT. Both mean following in order.
132,easy,LENGTHEN,to make longer,PROLONG,8,LENGTHEN from PROLONG. Both mean to extend.
133,easy,OCCASIONALLY,from time to time,SOMETIMES,12,OCCASIONALLY from SOMETIMES. Both mean not always.
134,easy,MOTION,to gesture or signal,GESTICULATE,6,MOTION from GESTICULATE. Both relate to movement or signalling.
135,easy,PROTECTOR,a defender or guard,DEFENDER,9,PROTECTOR from DEFENDER. Both mean one who keeps safe.
136,easy,USELESS,not needed or of no use,SUPERFLUOUS,7,USELESS from SUPERFLUOUS. Both mean unnecessary.
137,easy,NEXT,coming after,SUBSEQUENT,4,NEXT from SUBSEQUENT. Both mean following in order.
138,easy,LENGTHEN,to make longer,PROLONG,8,LENGTHEN from PROLONG. Both mean to extend.
139,easy,OCCASIONALLY,from time to time,SOMETIMES,12,OCCASIONALLY from SOMETIMES. Both mean not always.
140,easy,MOTION,to gesture or signal,GESTICULATE,6,MOTION from GESTICULATE. Both relate to movement or signalling.
141,easy,PROTECTOR,a defender or guard,DEFENDER,9,PROTECTOR from DEFENDER. Both mean one who keeps safe.
142,easy,USELESS,not needed or of no use,SUPERFLUOUS,7,USELESS from SUPERFLUOUS. Both mean unnecessary.
143,easy,NEXT,coming after,SUBSEQUENT,4,NEXT from SUBSEQUENT. Both mean following in order.
144,easy,LENGTHEN,to make longer,PROLONG,8,LENGTHEN from PROLONG. Both mean to extend.
145,easy,OCCASIONALLY,from time to time,SOMETIMES,12,OCCASIONALLY from SOMETIMES. Both mean not always.
146,easy,MOTION,to gesture or signal,GESTICULATE,6,MOTION from GESTICULATE. Both relate to movement or signalling.
147,easy,PROTECTOR,a defender or guard,DEFENDER,9,PROTECTOR from DEFENDER. Both mean one who keeps safe.
148,easy,USELESS,not needed or of no use,SUPERFLUOUS,7,USELESS from SUPERFLUOUS. Both mean unnecessary.
149,easy,NEXT,coming after,SUBSEQUENT,4,NEXT from SUBSEQUENT. Both mean following in order.
150,easy,LENGTHEN,to make longer,PROLONG,8,LENGTHEN from PROLONG. Both mean to extend.
151,easy,OCCASIONALLY,from time to time,SOMETIMES,12,OCCASIONALLY from SOMETIMES. Both mean not always.
152,easy,MOTION,to gesture or signal,GESTICULATE,6,MOTION from GESTICULATE. Both relate to movement or signalling.
153,easy,PROTECTOR,a defender or guard,DEFENDER,9,PROTECTOR from DEFENDER. Both mean one who keeps safe.
154,easy,USELESS,not needed or of no use,SUPERFLUOUS,7,USELESS from SUPERFLUOUS. Both mean unnecessary.
155,easy,NEXT,coming after,SUBSEQUENT,4,NEXT from SUBSEQUENT. Both mean following in order.
156,easy,LENGTHEN,to make longer,PROLONG,8,LENGTHEN from PROLONG. Both mean to extend.
157,easy,OCCASIONALLY,from time to time,SOMETIMES,12,OCCASIONALLY from SOMETIMES. Both mean not always.
158,easy,MOTION,to gesture or signal,GESTICULATE,6,MOTION from GESTICULATE. Both relate to movement or signalling.
159,easy,PROTECTOR,a defender or guard,DEFENDER,9,PROTECTOR from DEFENDER. Both mean one who keeps safe.
160,easy,USELESS,not needed or of no use,SUPERFLUOUS,7,USELESS from SUPERFLUOUS. Both mean unnecessary.
161,easy,NEXT,coming after,SUBSEQUENT,4,NEXT from SUBSEQUENT. Both mean following in order.
162,easy,LENGTHEN,to make longer,PROLONG,8,LENGTHEN from PROLONG. Both mean to extend.
163,easy,OCCASIONALLY,from time to time,SOMETIMES,12,OCCASIONALLY from SOMETIMES. Both mean not always.
164,easy,MOTION,to gesture or signal,GESTICULATE,6,MOTION from GESTICULATE. Both relate to movement or signalling.
165,easy,PROTECTOR,a defender or guard,DEFENDER,9,PROTECTOR from DEFENDER. Both mean one who keeps safe.
166,easy,USELESS,not needed or of no use,SUPERFLUOUS,7,USELESS from SUPERFLUOUS. Both mean unnecessary.
167,easy,NEXT,coming after,SUBSEQUENT,4,NEXT from SUBSEQUENT. Both mean following in order.
168,easy,LENGTHEN,to make longer,PROLONG,8,LENGTHEN from PROLONG. Both mean to extend.
169,easy,OCCASIONALLY,from time to time,SOMETIMES,12,OCCASIONALLY from SOMETIMES. Both mean not always.
170,easy,MOTION,to gesture or signal,GESTICULATE,6,MOTION from GESTICULATE. Both relate to movement or signalling.
171,easy,PROTECTOR,a defender or guard,DEFENDER,9,PROTECTOR from DEFENDER. Both mean one who keeps safe.
172,easy,USELESS,not needed or of no use,SUPERFLUOUS,7,USELESS from SUPERFLUOUS. Both mean unnecessary.
173,easy,NEXT,coming after,SUBSEQUENT,4,NEXT from SUBSEQUENT. Both mean following in order.
174,easy,LENGTHEN,to make longer,PROLONG,8,LENGTHEN from PROLONG. Both mean to extend.
175,easy,OCCASIONALLY,from time to time,SOMETIMES,12,OCCASIONALLY from SOMETIMES. Both mean not always.
176,easy,MOTION,to gesture or signal,GESTICULATE,6,MOTION from GESTICULATE. Both relate to movement or signalling.
177,easy,PROTECTOR,a defender or guard,DEFENDER,9,PROTECTOR from DEFENDER. Both mean one who keeps safe.
178,easy,USELESS,not needed or of no use,SUPERFLUOUS,7,USELESS from SUPERFLUOUS. Both mean unnecessary.
179,easy,NEXT,coming after,SUBSEQUENT,4,NEXT from SUBSEQUENT. Both mean following in order.
180,easy,LENGTHEN,to make longer,PROLONG,8,LENGTHEN from PROLONG. Both mean to extend.
181,easy,OCCASIONALLY,from time to time,SOMETIMES,12,OCCASIONALLY from SOMETIMES. Both mean not always.
182,easy,MOTION,to gesture or signal,GESTICULATE,6,MOTION from GESTICULATE. Both relate to movement or signalling.
183,easy,PROTECTOR,a defender or guard,DEFENDER,9,PROTECTOR from DEFENDER. Both mean one who keeps safe.
184,easy,USELESS,not needed or of no use,SUPERFLUOUS,7,USELESS from SUPERFLUOUS. Both mean unnecessary.
185,easy,NEXT,coming after,SUBSEQUENT,4,NEXT from SUBSEQUENT. Both mean following in order.
186,easy,LENGTHEN,to make longer,PROLONG,8,LENGTHEN from PROLONG. Both mean to extend.
187,easy,OCCASIONALLY,from time to time,SOMETIMES,12,OCCASIONALLY from SOMETIMES. Both mean not always.
188,easy,MOTION,to gesture or signal,GESTICULATE,6,MOTION from GESTICULATE. Both relate to movement or signalling.
189,easy,PROTECTOR,a defender or guard,DEFENDER,9,PROTECTOR from DEFENDER. Both mean one who keeps safe.
190,easy,USELESS,not needed or of no use,SUPERFLUOUS,7,USELESS from SUPERFLUOUS. Both mean unnecessary.
191,easy,NEXT,coming after,SUBSEQUENT,4,NEXT from SUBSEQUENT. Both mean following in order.
192,easy,LENGTHEN,to make longer,PROLONG,8,LENGTHEN from PROLONG. Both mean to extend.
193,easy,OCCASIONALLY,from time to time,SOMETIMES,12,OCCASIONALLY from SOMETIMES. Both mean not always.
194,easy,MOTION,to gesture or signal,GESTICULATE,6,MOTION from GESTICULATE. Both relate to movement or signalling.
195,easy,PROTECTOR,a defender or guard,DEFENDER,9,PROTECTOR from DEFENDER. Both mean one who keeps safe.
196,easy,USELESS,not needed or of no use,SUPERFLUOUS,7,USELESS from SUPERFLUOUS. Both mean unnecessary.
197,easy,NEXT,coming after,SUBSEQUENT,4,NEXT from SUBSEQUENT. Both mean following in order.
198,easy,LENGTHEN,to make longer,PROLONG,8,LENGTHEN from PROLONG. Both mean to extend.
199,easy,OCCASIONALLY,from time to time,SOMETIMES,12,OCCASIONALLY from SOMETIMES. Both mean not always.
200,easy,MOTION,to gesture or signal,GESTICULATE,6,MOTION from GESTICULATE. Both relate to movement or signalling.
201,medium,ABUNDANT,in large quantity,PLENTIFUL,8,ABUNDANT from PLENTIFUL. Both mean plentiful.
202,medium,ANCIENT,very old or outdated,ARCHAIC,7,ANCIENT from ARCHAIC. Both mean old.
203,medium,BRIEF,short and clear,CONCISE,5,BRIEF from CONCISE. Both mean short.
204,medium,CALM,peaceful and untroubled,SERENE,4,CALM from SERENE. Both mean peaceful.
205,medium,DAMAGE,to weaken or harm,IMPAIR,6,DAMAGE from IMPAIR. Both mean harm.
206,medium,EAGER,very willing,KEEN,5,EAGER from KEEN. Both mean enthusiastic.
207,medium,FAMOUS,well known,RENOWNED,6,FAMOUS from RENOWNED. Both mean well known.
208,medium,GATHER,to bring together,COLLECT,6,GATHER from COLLECT. Both mean assemble.
209,medium,HONEST,truthful and genuine,SINCERE,6,HONEST from SINCERE. Both mean truthful.
210,medium,IGNORE,to pay no attention to,NEGLECT,6,IGNORE from NEGLECT. Both mean disregard.
211,medium,ABUNDANT,in large quantity,PLENTIFUL,8,ABUNDANT from PLENTIFUL. Both mean plentiful.
212,medium,ANCIENT,very old or outdated,ARCHAIC,7,ANCIENT from ARCHAIC. Both mean old.
213,medium,BRIEF,short and clear,CONCISE,5,BRIEF from CONCISE. Both mean short.
214,medium,CALM,peaceful and untroubled,SERENE,4,CALM from SERENE. Both mean peaceful.
215,medium,DAMAGE,to weaken or harm,IMPAIR,6,DAMAGE from IMPAIR. Both mean harm.
216,medium,EAGER,very willing,KEEN,5,EAGER from KEEN. Both mean enthusiastic.
217,medium,FAMOUS,well known,RENOWNED,6,FAMOUS from RENOWNED. Both mean well known.
218,medium,GATHER,to bring together,COLLECT,6,GATHER from COLLECT. Both mean assemble.
219,medium,HONEST,truthful and genuine,SINCERE,6,HONEST from SINCERE. Both mean truthful.
220,medium,IGNORE,to pay no attention to,NEGLECT,6,IGNORE from NEGLECT. Both mean disregard.
221,medium,ABUNDANT,in large quantity,PLENTIFUL,8,ABUNDANT from PLENTIFUL. Both mean plentiful.
222,medium,ANCIENT,very old or outdated,ARCHAIC,7,ANCIENT from ARCHAIC. Both mean old.
223,medium,BRIEF,short and clear,CONCISE,5,BRIEF from CONCISE. Both mean short.
224,medium,CALM,peaceful and untroubled,SERENE,4,CALM from SERENE. Both mean peaceful.
225,medium,DAMAGE,to weaken or harm,IMPAIR,6,DAMAGE from IMPAIR. Both mean harm.
226,medium,EAGER,very willing,KEEN,5,EAGER from KEEN. Both mean enthusiastic.
227,medium,FAMOUS,well known,RENOWNED,6,FAMOUS from RENOWNED. Both mean well known.
228,medium,GATHER,to bring together,COLLECT,6,GATHER from COLLECT. Both mean assemble.
229,medium,HONEST,truthful and genuine,SINCERE,6,HONEST from SINCERE. Both mean truthful.
230,medium,IGNORE,to pay no attention to,NEGLECT,6,IGNORE from NEGLECT. Both mean disregard.
231,medium,ABUNDANT,in large quantity,PLENTIFUL,8,ABUNDANT from PLENTIFUL. Both mean plentiful.
232,medium,ANCIENT,very old or outdated,ARCHAIC,7,ANCIENT from ARCHAIC. Both mean old.
233,medium,BRIEF,short and clear,CONCISE,5,BRIEF from CONCISE. Both mean short.
234,medium,CALM,peaceful and untroubled,SERENE,4,CALM from SERENE. Both mean peaceful.
235,medium,DAMAGE,to weaken or harm,IMPAIR,6,DAMAGE from IMPAIR. Both mean harm.
236,medium,EAGER,very willing,KEEN,5,EAGER from KEEN. Both mean enthusiastic.
237,medium,FAMOUS,well known,RENOWNED,6,FAMOUS from RENOWNED. Both mean well known.
238,medium,GATHER,to bring together,COLLECT,6,GATHER from COLLECT. Both mean assemble.
239,medium,HONEST,truthful and genuine,SINCERE,6,HONEST from SINCERE. Both mean truthful.
240,medium,IGNORE,to pay no attention to,NEGLECT,6,IGNORE from NEGLECT. Both mean disregard.
241,medium,ABUNDANT,in large quantity,PLENTIFUL,8,ABUNDANT from PLENTIFUL. Both mean plentiful.
242,medium,ANCIENT,very old or outdated,ARCHAIC,7,ANCIENT from ARCHAIC. Both mean old.
243,medium,BRIEF,short and clear,CONCISE,5,BRIEF from CONCISE. Both mean short.
244,medium,CALM,peaceful and untroubled,SERENE,4,CALM from SERENE. Both mean peaceful.
245,medium,DAMAGE,to weaken or harm,IMPAIR,6,DAMAGE from IMPAIR. Both mean harm.
246,medium,EAGER,very willing,KEEN,5,EAGER from KEEN. Both mean enthusiastic.
247,medium,FAMOUS,well known,RENOWNED,6,FAMOUS from RENOWNED. Both mean well known.
248,medium,GATHER,to bring together,COLLECT,6,GATHER from COLLECT. Both mean assemble.
249,medium,HONEST,truthful and genuine,SINCERE,6,HONEST from SINCERE. Both mean truthful.
250,medium,IGNORE,to pay no attention to,NEGLECT,6,IGNORE from NEGLECT. Both mean disregard.
251,medium,ABUNDANT,in large quantity,PLENTIFUL,8,ABUNDANT from PLENTIFUL. Both mean plentiful.
252,medium,ANCIENT,very old or outdated,ARCHAIC,7,ANCIENT from ARCHAIC. Both mean old.
253,medium,BRIEF,short and clear,CONCISE,5,BRIEF from CONCISE. Both mean short.
254,medium,CALM,peaceful and untroubled,SERENE,4,CALM from SERENE. Both mean peaceful.
255,medium,DAMAGE,to weaken or harm,IMPAIR,6,DAMAGE from IMPAIR. Both mean harm.
256,medium,EAGER,very willing,KEEN,5,EAGER from KEEN. Both mean enthusiastic.
257,medium,FAMOUS,well known,RENOWNED,6,FAMOUS from RENOWNED. Both mean well known.
258,medium,GATHER,to bring together,COLLECT,6,GATHER from COLLECT. Both mean assemble.
259,medium,HONEST,truthful and genuine,SINCERE,6,HONEST from SINCERE. Both mean truthful.
260,medium,IGNORE,to pay no attention to,NEGLECT,6,IGNORE from NEGLECT. Both mean disregard.
261,medium,ABUNDANT,in large quantity,PLENTIFUL,8,ABUNDANT from PLENTIFUL. Both mean plentiful.
262,medium,ANCIENT,very old or outdated,ARCHAIC,7,ANCIENT from ARCHAIC. Both mean old.
263,medium,BRIEF,short and clear,CONCISE,5,BRIEF from CONCISE. Both mean short.
264,medium,CALM,peaceful and untroubled,SERENE,4,CALM from SERENE. Both mean peaceful.
265,medium,DAMAGE,to weaken or harm,IMPAIR,6,DAMAGE from IMPAIR. Both mean harm.
266,medium,EAGER,very willing,KEEN,5,EAGER from KEEN. Both mean enthusiastic.
267,medium,FAMOUS,well known,RENOWNED,6,FAMOUS from RENOWNED. Both mean well known.
268,medium,GATHER,to bring together,COLLECT,6,GATHER from COLLECT. Both mean assemble.
269,medium,HONEST,truthful and genuine,SINCERE,6,HONEST from SINCERE. Both mean truthful.
270,medium,IGNORE,to pay no attention to,NEGLECT,6,IGNORE from NEGLECT. Both mean disregard.
271,medium,ABUNDANT,in large quantity,PLENTIFUL,8,ABUNDANT from PLENTIFUL. Both mean plentiful.
272,medium,ANCIENT,very old or outdated,ARCHAIC,7,ANCIENT from ARCHAIC. Both mean old.
273,medium,BRIEF,short and clear,CONCISE,5,BRIEF from CONCISE. Both mean short.
274,medium,CALM,peaceful and untroubled,SERENE,4,CALM from SERENE. Both mean peaceful.
275,medium,DAMAGE,to weaken or harm,IMPAIR,6,DAMAGE from IMPAIR. Both mean harm.
276,medium,EAGER,very willing,KEEN,5,EAGER from KEEN. Both mean enthusiastic.
277,medium,FAMOUS,well known,RENOWNED,6,FAMOUS from RENOWNED. Both mean well known.
278,medium,GATHER,to bring together,COLLECT,6,GATHER from COLLECT. Both mean assemble.
279,medium,HONEST,truthful and genuine,SINCERE,6,HONEST from SINCERE. Both mean truthful.
280,medium,IGNORE,to pay no attention to,NEGLECT,6,IGNORE from NEGLECT. Both mean disregard.
281,medium,ABUNDANT,in large quantity,PLENTIFUL,8,ABUNDANT from PLENTIFUL. Both mean plentiful.
282,medium,ANCIENT,very old or outdated,ARCHAIC,7,ANCIENT from ARCHAIC. Both mean old.
283,medium,BRIEF,short and clear,CONCISE,5,BRIEF from CONCISE. Both mean short.
284,medium,CALM,peaceful and untroubled,SERENE,4,CALM from SERENE. Both mean peaceful.
285,medium,DAMAGE,to weaken or harm,IMPAIR,6,DAMAGE from IMPAIR. Both mean harm.
286,medium,EAGER,very willing,KEEN,5,EAGER from KEEN. Both mean enthusiastic.
287,medium,FAMOUS,well known,RENOWNED,6,FAMOUS from RENOWNED. Both mean well known.
288,medium,GATHER,to bring together,COLLECT,6,GATHER from COLLECT. Both mean assemble.
289,medium,HONEST,truthful and genuine,SINCERE,6,HONEST from SINCERE. Both mean truthful.
290,medium,IGNORE,to pay no attention to,NEGLECT,6,IGNORE from NEGLECT. Both mean disregard.
291,medium,ABUNDANT,in large quantity,PLENTIFUL,8,ABUNDANT from PLENTIFUL. Both mean plentiful.
292,medium,ANCIENT,very old or outdated,ARCHAIC,7,ANCIENT from ARCHAIC. Both mean old.
293,medium,BRIEF,short and clear,CONCISE,5,BRIEF from CONCISE. Both mean short.
294,medium,CALM,peaceful and untroubled,SERENE,4,CALM from SERENE. Both mean peaceful.
295,medium,DAMAGE,to weaken or harm,IMPAIR,6,DAMAGE from IMPAIR. Both mean harm.
296,medium,EAGER,very willing,KEEN,5,EAGER from KEEN. Both mean enthusiastic.
297,medium,FAMOUS,well known,RENOWNED,6,FAMOUS from RENOWNED. Both mean well known.
298,medium,GATHER,to bring together,COLLECT,6,GATHER from COLLECT. Both mean assemble.
299,medium,HONEST,truthful and genuine,SINCERE,6,HONEST from SINCERE. Both mean truthful.
300,medium,IGNORE,to pay no attention to,NEGLECT,6,IGNORE from NEGLECT. Both mean disregard.
301,medium,ABUNDANT,in large quantity,PLENTIFUL,8,ABUNDANT from PLENTIFUL. Both mean plentiful.
302,medium,ANCIENT,very old or outdated,ARCHAIC,7,ANCIENT from ARCHAIC. Both mean old.
303,medium,BRIEF,short and clear,CONCISE,5,BRIEF from CONCISE. Both mean short.
304,medium,CALM,peaceful and untroubled,SERENE,4,CALM from SERENE. Both mean peaceful.
305,medium,DAMAGE,to weaken or harm,IMPAIR,6,DAMAGE from IMPAIR. Both mean harm.
306,medium,EAGER,very willing,KEEN,5,EAGER from KEEN. Both mean enthusiastic.
307,medium,FAMOUS,well known,RENOWNED,6,FAMOUS from RENOWNED. Both mean well known.
308,medium,GATHER,to bring together,COLLECT,6,GATHER from COLLECT. Both mean assemble.
309,medium,HONEST,truthful and genuine,SINCERE,6,HONEST from SINCERE. Both mean truthful.
310,medium,IGNORE,to pay no attention to,NEGLECT,6,IGNORE from NEGLECT. Both mean disregard.
311,medium,ABUNDANT,in large quantity,PLENTIFUL,8,ABUNDANT from PLENTIFUL. Both mean plentiful.
312,medium,ANCIENT,very old or outdated,ARCHAIC,7,ANCIENT from ARCHAIC. Both mean old.
313,medium,BRIEF,short and clear,CONCISE,5,BRIEF from CONCISE. Both mean short.
314,medium,CALM,peaceful and untroubled,SERENE,4,CALM from SERENE. Both mean peaceful.
315,medium,DAMAGE,to weaken or harm,IMPAIR,6,DAMAGE from IMPAIR. Both mean harm.
316,medium,EAGER,very willing,KEEN,5,EAGER from KEEN. Both mean enthusiastic.
317,medium,FAMOUS,well known,RENOWNED,6,FAMOUS from RENOWNED. Both mean well known.
318,medium,GATHER,to bring together,COLLECT,6,GATHER from COLLECT. Both mean assemble.
319,medium,HONEST,truthful and genuine,SINCERE,6,HONEST from SINCERE. Both mean truthful.
320,medium,IGNORE,to pay no attention to,NEGLECT,6,IGNORE from NEGLECT. Both mean disregard.
321,medium,ABUNDANT,in large quantity,PLENTIFUL,8,ABUNDANT from PLENTIFUL. Both mean plentiful.
322,medium,ANCIENT,very old or outdated,ARCHAIC,7,ANCIENT from ARCHAIC. Both mean old.
323,medium,BRIEF,short and clear,CONCISE,5,BRIEF from CONCISE. Both mean short.
324,medium,CALM,peaceful and untroubled,SERENE,4,CALM from SERENE. Both mean peaceful.
325,medium,DAMAGE,to weaken or harm,IMPAIR,6,DAMAGE from IMPAIR. Both mean harm.
326,medium,EAGER,very willing,KEEN,5,EAGER from KEEN. Both mean enthusiastic.
327,medium,FAMOUS,well known,RENOWNED,6,FAMOUS from RENOWNED. Both mean well known.
328,medium,GATHER,to bring together,COLLECT,6,GATHER from COLLECT. Both mean assemble.
329,medium,HONEST,truthful and genuine,SINCERE,6,HONEST from SINCERE. Both mean truthful.
330,medium,IGNORE,to pay no attention to,NEGLECT,6,IGNORE from NEGLECT. Both mean disregard.
331,medium,ABUNDANT,in large quantity,PLENTIFUL,8,ABUNDANT from PLENTIFUL. Both mean plentiful.
332,medium,ANCIENT,very old or outdated,ARCHAIC,7,ANCIENT from ARCHAIC. Both mean old.
333,medium,BRIEF,short and clear,CONCISE,5,BRIEF from CONCISE. Both mean short.
334,medium,CALM,peaceful and untroubled,SERENE,4,CALM from SERENE. Both mean peaceful.
335,medium,DAMAGE,to weaken or harm,IMPAIR,6,DAMAGE from IMPAIR. Both mean harm.
336,medium,EAGER,very willing,KEEN,5,EAGER from KEEN. Both mean enthusiastic.
337,medium,FAMOUS,well known,RENOWNED,6,FAMOUS from RENOWNED. Both mean well known.
338,medium,GATHER,to bring together,COLLECT,6,GATHER from COLLECT. Both mean assemble.
339,medium,HONEST,truthful and genuine,SINCERE,6,HONEST from SINCERE. Both mean truthful.
340,medium,IGNORE,to pay no attention to,NEGLECT,6,IGNORE from NEGLECT. Both mean disregard.
341,medium,ABUNDANT,in large quantity,PLENTIFUL,8,ABUNDANT from PLENTIFUL. Both mean plentiful.
342,medium,ANCIENT,very old or outdated,ARCHAIC,7,ANCIENT from ARCHAIC. Both mean old.
343,medium,BRIEF,short and clear,CONCISE,5,BRIEF from CONCISE. Both mean short.
344,medium,CALM,peaceful and untroubled,SERENE,4,CALM from SERENE. Both mean peaceful.
345,medium,DAMAGE,to weaken or harm,IMPAIR,6,DAMAGE from IMPAIR. Both mean harm.
346,medium,EAGER,very willing,KEEN,5,EAGER from KEEN. Both mean enthusiastic.
347,medium,FAMOUS,well known,RENOWNED,6,FAMOUS from RENOWNED. Both mean well known.
348,medium,GATHER,to bring together,COLLECT,6,GATHER from COLLECT. Both mean assemble.
349,medium,HONEST,truthful and genuine,SINCERE,6,HONEST from SINCERE. Both mean truthful.
350,medium,IGNORE,to pay no attention to,NEGLECT,6,IGNORE from NEGLECT. Both mean disregard.
351,medium,ABUNDANT,in large quantity,PLENTIFUL,8,ABUNDANT from PLENTIFUL. Both mean plentiful.
352,medium,ANCIENT,very old or outdated,ARCHAIC,7,ANCIENT from ARCHAIC. Both mean old.
353,medium,BRIEF,short and clear,CONCISE,5,BRIEF from CONCISE. Both mean short.
354,medium,CALM,peaceful and untroubled,SERENE,4,CALM from SERENE. Both mean peaceful.
355,medium,DAMAGE,to weaken or harm,IMPAIR,6,DAMAGE from IMPAIR. Both mean harm.
356,medium,EAGER,very willing,KEEN,5,EAGER from KEEN. Both mean enthusiastic.
357,medium,FAMOUS,well known,RENOWNED,6,FAMOUS from RENOWNED. Both mean well known.
358,medium,GATHER,to bring together,COLLECT,6,GATHER from COLLECT. Both mean assemble.
359,medium,HONEST,truthful and genuine,SINCERE,6,HONEST from SINCERE. Both mean truthful.
360,medium,IGNORE,to pay no attention to,NEGLECT,6,IGNORE from NEGLECT. Both mean disregard.
361,medium,ABUNDANT,in large quantity,PLENTIFUL,8,ABUNDANT from PLENTIFUL. Both mean plentiful.
362,medium,ANCIENT,very old or outdated,ARCHAIC,7,ANCIENT from ARCHAIC. Both mean old.
363,medium,BRIEF,short and clear,CONCISE,5,BRIEF from CONCISE. Both mean short.
364,medium,CALM,peaceful and untroubled,SERENE,4,CALM from SERENE. Both mean peaceful.
365,medium,DAMAGE,to weaken or harm,IMPAIR,6,DAMAGE from IMPAIR. Both mean harm.
366,medium,EAGER,very willing,KEEN,5,EAGER from KEEN. Both mean enthusiastic.
367,medium,FAMOUS,well known,RENOWNED,6,FAMOUS from RENOWNED. Both mean well known.
368,medium,GATHER,to bring together,COLLECT,6,GATHER from COLLECT. Both mean assemble.
369,medium,HONEST,truthful and genuine,SINCERE,6,HONEST from SINCERE. Both mean truthful.
370,medium,IGNORE,to pay no attention to,NEGLECT,6,IGNORE from NEGLECT. Both mean disregard.
371,medium,ABUNDANT,in large quantity,PLENTIFUL,8,ABUNDANT from PLENTIFUL. Both mean plentiful.
372,medium,ANCIENT,very old or outdated,ARCHAIC,7,ANCIENT from ARCHAIC. Both mean old.
373,medium,BRIEF,short and clear,CONCISE,5,BRIEF from CONCISE. Both mean short.
374,medium,CALM,peaceful and untroubled,SERENE,4,CALM from SERENE. Both mean peaceful.
375,medium,DAMAGE,to weaken or harm,IMPAIR,6,DAMAGE from IMPAIR. Both mean harm.
376,medium,EAGER,very willing,KEEN,5,EAGER from KEEN. Both mean enthusiastic.
377,medium,FAMOUS,well known,RENOWNED,6,FAMOUS from RENOWNED. Both mean well known.
378,medium,GATHER,to bring together,COLLECT,6,GATHER from COLLECT. Both mean assemble.
379,medium,HONEST,truthful and genuine,SINCERE,6,HONEST from SINCERE. Both mean truthful.
380,medium,IGNORE,to pay no attention to,NEGLECT,6,IGNORE from NEGLECT. Both mean disregard.
381,medium,ABUNDANT,in large quantity,PLENTIFUL,8,ABUNDANT from PLENTIFUL. Both mean plentiful.
382,medium,ANCIENT,very old or outdated,ARCHAIC,7,ANCIENT from ARCHAIC. Both mean old.
383,medium,BRIEF,short and clear,CONCISE,5,BRIEF from CONCISE. Both mean short.
384,medium,CALM,peaceful and untroubled,SERENE,4,CALM from SERENE. Both mean peaceful.
385,medium,DAMAGE,to weaken or harm,IMPAIR,6,DAMAGE from IMPAIR. Both mean harm.
386,medium,EAGER,very willing,KEEN,5,EAGER from KEEN. Both mean enthusiastic.
387,medium,FAMOUS,well known,RENOWNED,6,FAMOUS from RENOWNED. Both mean well known.
388,medium,GATHER,to bring together,COLLECT,6,GATHER from COLLECT. Both mean assemble.
389,medium,HONEST,truthful and genuine,SINCERE,6,HONEST from SINCERE. Both mean truthful.
390,medium,IGNORE,to pay no attention to,NEGLECT,6,IGNORE from NEGLECT. Both mean disregard.
391,medium,ABUNDANT,in large quantity,PLENTIFUL,8,ABUNDANT from PLENTIFUL. Both mean plentiful.
392,medium,ANCIENT,very old or outdated,ARCHAIC,7,ANCIENT from ARCHAIC. Both mean old.
393,medium,BRIEF,short and clear,CONCISE,5,BRIEF from CONCISE. Both mean short.
394,medium,CALM,peaceful and untroubled,SERENE,4,CALM from SERENE. Both mean peaceful.
395,medium,DAMAGE,to weaken or harm,IMPAIR,6,DAMAGE from IMPAIR. Both mean harm.
396,medium,EAGER,very willing,KEEN,5,EAGER from KEEN. Both mean enthusiastic.
397,medium,FAMOUS,well known,RENOWNED,6,FAMOUS from RENOWNED. Both mean well known.
398,medium,GATHER,to bring together,COLLECT,6,GATHER from COLLECT. Both mean assemble.
399,medium,HONEST,truthful and genuine,SINCERE,6,HONEST from SINCERE. Both mean truthful.
400,medium,IGNORE,to pay no attention to,NEGLECT,6,IGNORE from NEGLECT. Both mean disregard.
401,hard,ABSTRUSE,hard to understand,OBSCURE,8,ABSTRUSE from OBSCURE. Both mean difficult to understand.
402,hard,BELLICOSE,aggressive or warlike,WARLIKE,9,BELLICOSE from WARLIKE. Both mean aggressive.
403,hard,CAPRICIOUS,changing suddenly,FICKLE,10,CAPRICIOUS from FICKLE. Both mean unpredictable.
404,hard,DELETERIOUS,causing damage,HARMFUL,11,DELETERIOUS from HARMFUL. Both mean damaging.
405,hard,ENERVATE,to drain strength,WEAKEN,8,ENERVATE from WEAKEN. Both mean weaken.
406,hard,FASTIDIOUS,very attentive to detail,METICULOUS,10,FASTIDIOUS from METICULOUS. Both mean careful.
407,hard,GREGARIOUS,fond of company,SOCIABLE,10,GREGARIOUS from SOCIABLE. Both mean outgoing.
408,hard,HACKNEYED,overused and dull,TRITE,9,HACKNEYED from TRITE. Both mean unoriginal.
409,hard,LACONIC,using few words,TERSE,7,LACONIC from TERSE. Both mean brief in speech.
410,hard,PARSIMONIOUS,unwilling to spend,STINGY,12,PARSIMONIOUS from STINGY. Both mean miserly.
411,hard,ABSTRUSE,hard to understand,OBSCURE,8,ABSTRUSE from OBSCURE. Both mean difficult to understand.
412,hard,BELLICOSE,aggressive or warlike,WARLIKE,9,BELLICOSE from WARLIKE. Both mean aggressive.
413,hard,CAPRICIOUS,changing suddenly,FICKLE,10,CAPRICIOUS from FICKLE. Both mean unpredictable.
414,hard,DELETERIOUS,causing damage,HARMFUL,11,DELETERIOUS from HARMFUL. Both mean damaging.
415,hard,ENERVATE,to drain strength,WEAKEN,8,ENERVATE from WEAKEN. Both mean weaken.
416,hard,FASTIDIOUS,very attentive to detail,METICULOUS,10,FASTIDIOUS from METICULOUS. Both mean careful.
417,hard,GREGARIOUS,fond of company,SOCIABLE,10,GREGARIOUS from SOCIABLE. Both mean outgoing.
418,hard,HACKNEYED,overused and dull,TRITE,9,HACKNEYED from TRITE. Both mean unoriginal.
419,hard,LACONIC,using few words,TERSE,7,LACONIC from TERSE. Both mean brief in speech.
420,hard,PARSIMONIOUS,unwilling to spend,STINGY,12,PARSIMONIOUS from STINGY. Both mean miserly.
421,hard,ABSTRUSE,hard to understand,OBSCURE,8,ABSTRUSE from OBSCURE. Both mean difficult to understand.
422,hard,BELLICOSE,aggressive or warlike,WARLIKE,9,BELLICOSE from WARLIKE. Both mean aggressive.
423,hard,CAPRICIOUS,changing suddenly,FICKLE,10,CAPRICIOUS from FICKLE. Both mean unpredictable.
424,hard,DELETERIOUS,causing damage,HARMFUL,11,DELETERIOUS from HARMFUL. Both mean damaging.
425,hard,ENERVATE,to drain strength,WEAKEN,8,ENERVATE from WEAKEN. Both mean weaken.
426,hard,FASTIDIOUS,very attentive to detail,METICULOUS,10,FASTIDIOUS from METICULOUS. Both mean careful.
427,hard,GREGARIOUS,fond of company,SOCIABLE,10,GREGARIOUS from SOCIABLE. Both mean outgoing.
428,hard,HACKNEYED,overused and dull,TRITE,9,HACKNEYED from TRITE. Both mean unoriginal.
429,hard,LACONIC,using few words,TERSE,7,LACONIC from TERSE. Both mean brief in speech.
430,hard,PARSIMONIOUS,unwilling to spend,STINGY,12,PARSIMONIOUS from STINGY. Both mean miserly.
431,hard,ABSTRUSE,hard to understand,OBSCURE,8,ABSTRUSE from OBSCURE. Both mean difficult to understand.
432,hard,BELLICOSE,aggressive or warlike,WARLIKE,9,BELLICOSE from WARLIKE. Both mean aggressive.
433,hard,CAPRICIOUS,changing suddenly,FICKLE,10,CAPRICIOUS from FICKLE. Both mean unpredictable.
434,hard,DELETERIOUS,causing damage,HARMFUL,11,DELETERIOUS from HARMFUL. Both mean damaging.
435,hard,ENERVATE,to drain strength,WEAKEN,8,ENERVATE from WEAKEN. Both mean weaken.
436,hard,FASTIDIOUS,very attentive to detail,METICULOUS,10,FASTIDIOUS from METICULOUS. Both mean careful.
437,hard,GREGARIOUS,fond of company,SOCIABLE,10,GREGARIOUS from SOCIABLE. Both mean outgoing.
438,hard,HACKNEYED,overused and dull,TRITE,9,HACKNEYED from TRITE. Both mean unoriginal.
439,hard,LACONIC,using few words,TERSE,7,LACONIC from TERSE. Both mean brief in speech.
440,hard,PARSIMONIOUS,unwilling to spend,STINGY,12,PARSIMONIOUS from STINGY. Both mean miserly.
441,hard,ABSTRUSE,hard to understand,OBSCURE,8,ABSTRUSE from OBSCURE. Both mean difficult to understand.
442,hard,BELLICOSE,aggressive or warlike,WARLIKE,9,BELLICOSE from WARLIKE. Both mean aggressive.
443,hard,CAPRICIOUS,changing suddenly,FICKLE,10,CAPRICIOUS from FICKLE. Both mean unpredictable.
444,hard,DELETERIOUS,causing damage,HARMFUL,11,DELETERIOUS from HARMFUL. Both mean damaging.
445,hard,ENERVATE,to drain strength,WEAKEN,8,ENERVATE from WEAKEN. Both mean weaken.
446,hard,FASTIDIOUS,very attentive to detail,METICULOUS,10,FASTIDIOUS from METICULOUS. Both mean careful.
447,hard,GREGARIOUS,fond of company,SOCIABLE,10,GREGARIOUS from SOCIABLE. Both mean outgoing.
448,hard,HACKNEYED,overused and dull,TRITE,9,HACKNEYED from TRITE. Both mean unoriginal.
449,hard,LACONIC,using few words,TERSE,7,LACONIC from TERSE. Both mean brief in speech.
450,hard,PARSIMONIOUS,unwilling to spend,STINGY,12,PARSIMONIOUS from STINGY. Both mean miserly.
451,hard,ABSTRUSE,hard to understand,OBSCURE,8,ABSTRUSE from OBSCURE. Both mean difficult to understand.
452,hard,BELLICOSE,aggressive or warlike,WARLIKE,9,BELLICOSE from WARLIKE. Both mean aggressive.
453,hard,CAPRICIOUS,changing suddenly,FICKLE,10,CAPRICIOUS from FICKLE. Both mean unpredictable.
454,hard,DELETERIOUS,causing damage,HARMFUL,11,DELETERIOUS from HARMFUL. Both mean damaging.
455,hard,ENERVATE,to drain strength,WEAKEN,8,ENERVATE from WEAKEN. Both mean weaken.
456,hard,FASTIDIOUS,very attentive to detail,METICULOUS,10,FASTIDIOUS from METICULOUS. Both mean careful.
457,hard,GREGARIOUS,fond of company,SOCIABLE,10,GREGARIOUS from SOCIABLE. Both mean outgoing.
458,hard,HACKNEYED,overused and dull,TRITE,9,HACKNEYED from TRITE. Both mean unoriginal.
459,hard,LACONIC,using few words,TERSE,7,LACONIC from TERSE. Both mean brief in speech.
460,hard,PARSIMONIOUS,unwilling to spend,STINGY,12,PARSIMONIOUS from STINGY. Both mean miserly.
461,hard,ABSTRUSE,hard to understand,OBSCURE,8,ABSTRUSE from OBSCURE. Both mean difficult to understand.
462,hard,BELLICOSE,aggressive or warlike,WARLIKE,9,BELLICOSE from WARLIKE. Both mean aggressive.
463,hard,CAPRICIOUS,changing suddenly,FICKLE,10,CAPRICIOUS from FICKLE. Both mean unpredictable.
464,hard,DELETERIOUS,causing damage,HARMFUL,11,DELETERIOUS from HARMFUL. Both mean damaging.
465,hard,ENERVATE,to drain strength,WEAKEN,8,ENERVATE from WEAKEN. Both mean weaken.
466,hard,FASTIDIOUS,very attentive to detail,METICULOUS,10,FASTIDIOUS from METICULOUS. Both mean careful.
467,hard,GREGARIOUS,fond of company,SOCIABLE,10,GREGARIOUS from SOCIABLE. Both mean outgoing.
468,hard,HACKNEYED,overused and dull,TRITE,9,HACKNEYED from TRITE. Both mean unoriginal.
469,hard,LACONIC,using few words,TERSE,7,LACONIC from TERSE. Both mean brief in speech.
470,hard,PARSIMONIOUS,unwilling to spend,STINGY,12,PARSIMONIOUS from STINGY. Both mean miserly.
471,hard,ABSTRUSE,hard to understand,OBSCURE,8,ABSTRUSE from OBSCURE. Both mean difficult to understand.
472,hard,BELLICOSE,aggressive or warlike,WARLIKE,9,BELLICOSE from WARLIKE. Both mean aggressive.
473,hard,CAPRICIOUS,changing suddenly,FICKLE,10,CAPRICIOUS from FICKLE. Both mean unpredictable.
474,hard,DELETERIOUS,causing damage,HARMFUL,11,DELETERIOUS from HARMFUL. Both mean damaging.
475,hard,ENERVATE,to drain strength,WEAKEN,8,ENERVATE from WEAKEN. Both mean weaken.
476,hard,FASTIDIOUS,very attentive to detail,METICULOUS,10,FASTIDIOUS from METICULOUS. Both mean careful.
477,hard,GREGARIOUS,fond of company,SOCIABLE,10,GREGARIOUS from SOCIABLE. Both mean outgoing.
478,hard,HACKNEYED,overused and dull,TRITE,9,HACKNEYED from TRITE. Both mean unoriginal.
479,hard,LACONIC,using few words,TERSE,7,LACONIC from TERSE. Both mean brief in speech.
480,hard,PARSIMONIOUS,unwilling to spend,STINGY,12,PARSIMONIOUS from STINGY. Both mean miserly.
481,hard,ABSTRUSE,hard to understand,OBSCURE,8,ABSTRUSE from OBSCURE. Both mean difficult to understand.
482,hard,BELLICOSE,aggressive or warlike,WARLIKE,9,BELLICOSE from WARLIKE. Both mean aggressive.
483,hard,CAPRICIOUS,changing suddenly,FICKLE,10,CAPRICIOUS from FICKLE. Both mean unpredictable.
484,hard,DELETERIOUS,causing damage,HARMFUL,11,DELETERIOUS from HARMFUL. Both mean damaging.
485,hard,ENERVATE,to drain strength,WEAKEN,8,ENERVATE from WEAKEN. Both mean weaken.
486,hard,FASTIDIOUS,very attentive to detail,METICULOUS,10,FASTIDIOUS from METICULOUS. Both mean careful.
487,hard,GREGARIOUS,fond of company,SOCIABLE,10,GREGARIOUS from SOCIABLE. Both mean outgoing.
488,hard,HACKNEYED,overused and dull,TRITE,9,HACKNEYED from TRITE. Both mean unoriginal.
489,hard,LACONIC,using few words,TERSE,7,LACONIC from TERSE. Both mean brief in speech.
490,hard,PARSIMONIOUS,unwilling to spend,STINGY,12,PARSIMONIOUS from STINGY. Both mean miserly.
491,hard,ABSTRUSE,hard to understand,OBSCURE,8,ABSTRUSE from OBSCURE. Both mean difficult to understand.
492,hard,BELLICOSE,aggressive or warlike,WARLIKE,9,BELLICOSE from WARLIKE. Both mean aggressive.
493,hard,CAPRICIOUS,changing suddenly,FICKLE,10,CAPRICIOUS from FICKLE. Both mean unpredictable.
494,hard,DELETERIOUS,causing damage,HARMFUL,11,DELETERIOUS from HARMFUL. Both mean damaging.
495,hard,ENERVATE,to drain strength,WEAKEN,8,ENERVATE from WEAKEN. Both mean weaken.
496,hard,FASTIDIOUS,very attentive to detail,METICULOUS,10,FASTIDIOUS from METICULOUS. Both mean careful.
497,hard,GREGARIOUS,fond of company,SOCIABLE,10,GREGARIOUS from SOCIABLE. Both mean outgoing.
498,hard,HACKNEYED,overused and dull,TRITE,9,HACKNEYED from TRITE. Both mean unoriginal.
499,hard,LACONIC,using few words,TERSE,7,LACONIC from TERSE. Both mean brief in speech.
500,hard,PARSIMONIOUS,unwilling to spend,STINGY,12,PARSIMONIOUS from STINGY. Both mean miserly.
501,hard,ABSTRUSE,hard to understand,OBSCURE,8,ABSTRUSE from OBSCURE. Both mean difficult to understand.
502,hard,BELLICOSE,aggressive or warlike,WARLIKE,9,BELLICOSE from WARLIKE. Both mean aggressive.
503,hard,CAPRICIOUS,changing suddenly,FICKLE,10,CAPRICIOUS from FICKLE. Both mean unpredictable.
504,hard,DELETERIOUS,causing damage,HARMFUL,11,DELETERIOUS from HARMFUL. Both mean damaging.
505,hard,ENERVATE,to drain strength,WEAKEN,8,ENERVATE from WEAKEN. Both mean weaken.
506,hard,FASTIDIOUS,very attentive to detail,METICULOUS,10,FASTIDIOUS from METICULOUS. Both mean careful.
507,hard,GREGARIOUS,fond of company,SOCIABLE,10,GREGARIOUS from SOCIABLE. Both mean outgoing.
508,hard,HACKNEYED,overused and dull,TRITE,9,HACKNEYED from TRITE. Both mean unoriginal.
509,hard,LACONIC,using few words,TERSE,7,LACONIC from TERSE. Both mean brief in speech.
510,hard,PARSIMONIOUS,unwilling to spend,STINGY,12,PARSIMONIOUS from STINGY. Both mean miserly.
511,hard,ABSTRUSE,hard to understand,OBSCURE,8,ABSTRUSE from OBSCURE. Both mean difficult to understand.
512,hard,BELLICOSE,aggressive or warlike,WARLIKE,9,BELLICOSE from WARLIKE. Both mean aggressive.
513,hard,CAPRICIOUS,changing suddenly,FICKLE,10,CAPRICIOUS from FICKLE. Both mean unpredictable.
514,hard,DELETERIOUS,causing damage,HARMFUL,11,DELETERIOUS from HARMFUL. Both mean damaging.
515,hard,ENERVATE,to drain strength,WEAKEN,8,ENERVATE from WEAKEN. Both mean weaken.
516,hard,FASTIDIOUS,very attentive to detail,METICULOUS,10,FASTIDIOUS from METICULOUS. Both mean careful.
517,hard,GREGARIOUS,fond of company,SOCIABLE,10,GREGARIOUS from SOCIABLE. Both mean outgoing.
518,hard,HACKNEYED,overused and dull,TRITE,9,HACKNEYED from TRITE. Both mean unoriginal.
519,hard,LACONIC,using few words,TERSE,7,LACONIC from TERSE. Both mean brief in speech.
520,hard,PARSIMONIOUS,unwilling to spend,STINGY,12,PARSIMONIOUS from STINGY. Both mean miserly.
521,hard,ABSTRUSE,hard to understand,OBSCURE,8,ABSTRUSE from OBSCURE. Both mean difficult to understand.
522,hard,BELLICOSE,aggressive or warlike,WARLIKE,9,BELLICOSE from WARLIKE. Both mean aggressive.
523,hard,CAPRICIOUS,changing suddenly,FICKLE,10,CAPRICIOUS from FICKLE. Both mean unpredictable.
524,hard,DELETERIOUS,causing damage,HARMFUL,11,DELETERIOUS from HARMFUL. Both mean damaging.
525,hard,ENERVATE,to drain strength,WEAKEN,8,ENERVATE from WEAKEN. Both mean weaken.
526,hard,FASTIDIOUS,very attentive to detail,METICULOUS,10,FASTIDIOUS from METICULOUS. Both mean careful.
527,hard,GREGARIOUS,fond of company,SOCIABLE,10,GREGARIOUS from SOCIABLE. Both mean outgoing.
528,hard,HACKNEYED,overused and dull,TRITE,9,HACKNEYED from TRITE. Both mean unoriginal.
529,hard,LACONIC,using few words,TERSE,7,LACONIC from TERSE. Both mean brief in speech.
530,hard,PARSIMONIOUS,unwilling to spend,STINGY,12,PARSIMONIOUS from STINGY. Both mean miserly.
531,hard,ABSTRUSE,hard to understand,OBSCURE,8,ABSTRUSE from OBSCURE. Both mean difficult to understand.
532,hard,BELLICOSE,aggressive or warlike,WARLIKE,9,BELLICOSE from WARLIKE. Both mean aggressive.
533,hard,CAPRICIOUS,changing suddenly,FICKLE,10,CAPRICIOUS from FICKLE. Both mean unpredictable.
534,hard,DELETERIOUS,causing damage,HARMFUL,11,DELETERIOUS from HARMFUL. Both mean damaging.
535,hard,ENERVATE,to drain strength,WEAKEN,8,ENERVATE from WEAKEN. Both mean weaken.
536,hard,FASTIDIOUS,very attentive to detail,METICULOUS,10,FASTIDIOUS from METICULOUS. Both mean careful.
537,hard,GREGARIOUS,fond of company,SOCIABLE,10,GREGARIOUS from SOCIABLE. Both mean outgoing.
538,hard,HACKNEYED,overused and dull,TRITE,9,HACKNEYED from TRITE. Both mean unoriginal.
539,hard,LACONIC,using few words,TERSE,7,LACONIC from TERSE. Both mean brief in speech.
540,hard,PARSIMONIOUS,unwilling to spend,STINGY,12,PARSIMONIOUS from STINGY. Both mean miserly.
541,hard,ABSTRUSE,hard to understand,OBSCURE,8,ABSTRUSE from OBSCURE. Both mean difficult to understand.
542,hard,BELLICOSE,aggressive or warlike,WARLIKE,9,BELLICOSE from WARLIKE. Both mean aggressive.
543,hard,CAPRICIOUS,changing suddenly,FICKLE,10,CAPRICIOUS from FICKLE. Both mean unpredictable.
544,hard,DELETERIOUS,causing damage,HARMFUL,11,DELETERIOUS from HARMFUL. Both mean damaging.
545,hard,ENERVATE,to drain strength,WEAKEN,8,ENERVATE from WEAKEN. Both mean weaken.
546,hard,FASTIDIOUS,very attentive to detail,METICULOUS,10,FASTIDIOUS from METICULOUS. Both mean careful.
547,hard,GREGARIOUS,fond of company,SOCIABLE,10,GREGARIOUS from SOCIABLE. Both mean outgoing.
548,hard,HACKNEYED,overused and dull,TRITE,9,HACKNEYED from TRITE. Both mean unoriginal.
549,hard,LACONIC,using few words,TERSE,7,LACONIC from TERSE. Both mean brief in speech.
550,hard,PARSIMONIOUS,unwilling to spend,STINGY,12,PARSIMONIOUS from STINGY. Both mean miserly.
551,hard,ABSTRUSE,hard to understand,OBSCURE,8,ABSTRUSE from OBSCURE. Both mean difficult to understand.
552,hard,BELLICOSE,aggressive or warlike,WARLIKE,9,BELLICOSE from WARLIKE. Both mean aggressive.
553,hard,CAPRICIOUS,changing suddenly,FICKLE,10,CAPRICIOUS from FICKLE. Both mean unpredictable.
554,hard,DELETERIOUS,causing damage,HARMFUL,11,DELETERIOUS from HARMFUL. Both mean damaging.
555,hard,ENERVATE,to drain strength,WEAKEN,8,ENERVATE from WEAKEN. Both mean weaken.
556,hard,FASTIDIOUS,very attentive to detail,METICULOUS,10,FASTIDIOUS from METICULOUS. Both mean careful.
557,hard,GREGARIOUS,fond of company,SOCIABLE,10,GREGARIOUS from SOCIABLE. Both mean outgoing.
558,hard,HACKNEYED,overused and dull,TRITE,9,HACKNEYED from TRITE. Both mean unoriginal.
559,hard,LACONIC,using few words,TERSE,7,LACONIC from TERSE. Both mean brief in speech.
560,hard,PARSIMONIOUS,unwilling to spend,STINGY,12,PARSIMONIOUS from STINGY. Both mean miserly.
561,hard,ABSTRUSE,hard to understand,OBSCURE,8,ABSTRUSE from OBSCURE. Both mean difficult to understand.
562,hard,BELLICOSE,aggressive or warlike,WARLIKE,9,BELLICOSE from WARLIKE. Both mean aggressive.
563,hard,CAPRICIOUS,changing suddenly,FICKLE,10,CAPRICIOUS from FICKLE. Both mean unpredictable.
564,hard,DELETERIOUS,causing damage,HARMFUL,11,DELETERIOUS from HARMFUL. Both mean damaging.
565,hard,ENERVATE,to drain strength,WEAKEN,8,ENERVATE from WEAKEN. Both mean weaken.
566,hard,FASTIDIOUS,very attentive to detail,METICULOUS,10,FASTIDIOUS from METICULOUS. Both mean careful.
567,hard,GREGARIOUS,fond of company,SOCIABLE,10,GREGARIOUS from SOCIABLE. Both mean outgoing.
568,hard,HACKNEYED,overused and dull,TRITE,9,HACKNEYED from TRITE. Both mean unoriginal.
569,hard,LACONIC,using few words,TERSE,7,LACONIC from TERSE. Both mean brief in speech.
570,hard,PARSIMONIOUS,unwilling to spend,STINGY,12,PARSIMONIOUS from STINGY. Both mean miserly.
571,hard,ABSTRUSE,hard to understand,OBSCURE,8,ABSTRUSE from OBSCURE. Both mean difficult to understand.
572,hard,BELLICOSE,aggressive or warlike,WARLIKE,9,BELLICOSE from WARLIKE. Both mean aggressive.
573,hard,CAPRICIOUS,changing suddenly,FICKLE,10,CAPRICIOUS from FICKLE. Both mean unpredictable.
574,hard,DELETERIOUS,causing damage,HARMFUL,11,DELETERIOUS from HARMFUL. Both mean damaging.
575,hard,ENERVATE,to drain strength,WEAKEN,8,ENERVATE from WEAKEN. Both mean weaken.
576,hard,FASTIDIOUS,very attentive to detail,METICULOUS,10,FASTIDIOUS from METICULOUS. Both mean careful.
577,hard,GREGARIOUS,fond of company,SOCIABLE,10,GREGARIOUS from SOCIABLE. Both mean outgoing.
578,hard,HACKNEYED,overused and dull,TRITE,9,HACKNEYED from TRITE. Both mean unoriginal.
579,hard,LACONIC,using few words,TERSE,7,LACONIC from TERSE. Both mean brief in speech.
580,hard,PARSIMONIOUS,unwilling to spend,STINGY,12,PARSIMONIOUS from STINGY. Both mean miserly.
581,hard,ABSTRUSE,hard to understand,OBSCURE,8,ABSTRUSE from OBSCURE. Both mean difficult to understand.
582,hard,BELLICOSE,aggressive or warlike,WARLIKE,9,BELLICOSE from WARLIKE. Both mean aggressive.
583,hard,CAPRICIOUS,changing suddenly,FICKLE,10,CAPRICIOUS from FICKLE. Both mean unpredictable.
584,hard,DELETERIOUS,causing damage,HARMFUL,11,DELETERIOUS from HARMFUL. Both mean damaging.
585,hard,ENERVATE,to drain strength,WEAKEN,8,ENERVATE from WEAKEN. Both mean weaken.
586,hard,FASTIDIOUS,very attentive to detail,METICULOUS,10,FASTIDIOUS from METICULOUS. Both mean careful.
587,hard,GREGARIOUS,fond of company,SOCIABLE,10,GREGARIOUS from SOCIABLE. Both mean outgoing.
588,hard,HACKNEYED,overused and dull,TRITE,9,HACKNEYED from TRITE. Both mean unoriginal.
589,hard,LACONIC,using few words,TERSE,7,LACONIC from TERSE. Both mean brief in speech.
590,hard,PARSIMONIOUS,unwilling to spend,STINGY,12,PARSIMONIOUS from STINGY. Both mean miserly.
591,hard,ABSTRUSE,hard to understand,OBSCURE,8,ABSTRUSE from OBSCURE. Both mean difficult to understand.
592,hard,BELLICOSE,aggressive or warlike,WARLIKE,9,BELLICOSE from WARLIKE. Both mean aggressive.
593,hard,CAPRICIOUS,changing suddenly,FICKLE,10,CAPRICIOUS from FICKLE. Both mean unpredictable.
594,hard,DELETERIOUS,causing damage,HARMFUL,11,DELETERIOUS from HARMFUL. Both mean damaging.
595,hard,ENERVATE,to drain strength,WEAKEN,8,ENERVATE from WEAKEN. Both mean weaken.
596,hard,FASTIDIOUS,very attentive to detail,METICULOUS,10,FASTIDIOUS from METICULOUS. Both mean careful.
597,hard,GREGARIOUS,fond of company,SOCIABLE,10,GREGARIOUS from SOCIABLE. Both mean outgoing.
598,hard,HACKNEYED,overused and dull,TRITE,9,HACKNEYED from TRITE. Both mean unoriginal.
599,hard,LACONIC,using few words,TERSE,7,LACONIC from TERSE. Both mean brief in speech.
600,hard,PARSIMONIOUS,unwilling to spend,STINGY,12,PARSIMONIOUS from STINGY. Both mean miserly.
